Frame;Volto;Data;Ora
../persons/2023/11/20/person_20231120_222958.jpg;../faces/2023/11/20/face_20231120_222958.jpg;11/20/2023;22:29:58
../persons/2023/11/20/person_20231120_222958.jpg;../faces/2023/11/20/face_20231120_222958.jpg;11/20/2023;22:29:58
../persons/2023/11/20/person_20231120_222958.jpg;../faces/2023/11/20/face_20231120_222958.jpg;11/20/2023;22:29:58
../persons/2023/11/20/person_20231120_222958.jpg;../faces/2023/11/20/face_20231120_222958.jpg;11/20/2023;22:29:58
../persons/2023/11/20/person_20231120_222958.jpg;../faces/2023/11/20/face_20231120_222958.jpg;11/20/2023;22:29:58
../persons/2023/11/20/person_20231120_222958.jpg;../faces/2023/11/20/face_20231120_222958.jpg;11/20/2023;22:29:58
../persons/2023/11/20/person_20231120_222958.jpg;../faces/2023/11/20/face_20231120_222958.jpg;11/20/2023;22:29:58
../persons/2023/11/20/person_20231120_222958.jpg;../faces/2023/11/20/face_20231120_222958.jpg;11/20/2023;22:29:58
../persons/2023/11/20/person_20231120_222958.jpg;../faces/2023/11/20/face_20231120_222958.jpg;11/20/2023;22:29:58
../persons/2023/11/20/person_20231120_222958.jpg;../faces/2023/11/20/face_20231120_222958.jpg;11/20/2023;22:29:58
../persons/2023/11/20/person_20231120_222958.jpg;../faces/2023/11/20/face_20231120_222958.jpg;11/20/2023;22:29:58
../persons/2023/11/20/person_20231120_222958.jpg;../faces/2023/11/20/face_20231120_222958.jpg;11/20/2023;22:29:58
../persons/2023/11/20/person_20231120_222958.jpg;../faces/2023/11/20/face_20231120_222958.jpg;11/20/2023;22:29:58
../persons/2023/11/20/person_20231120_222958.jpg;../faces/2023/11/20/face_20231120_222958.jpg;11/20/2023;22:29:58
../persons/2023/11/20/person_20231120_222958.jpg;../faces/2023/11/20/face_20231120_222958.jpg;11/20/2023;22:29:58
../persons/2023/11/20/person_20231120_222958.jpg;../faces/2023/11/20/face_20231120_222958.jpg;11/20/2023;22:29:58
../persons/2023/11/20/person_20231120_222958.jpg;../faces/2023/11/20/face_20231120_222958.jpg;11/20/2023;22:29:58
../persons/2023/11/20/person_20231120_222958.jpg;../faces/2023/11/20/face_20231120_222958.jpg;11/20/2023;22:29:58
../persons/2023/11/20/person_20231120_222959.jpg;../faces/2023/11/20/face_20231120_222959.jpg;11/20/2023;22:29:59
../persons/2023/11/20/person_20231120_222959.jpg;../faces/2023/11/20/face_20231120_222959.jpg;11/20/2023;22:29:59
../persons/2023/11/20/person_20231120_222959.jpg;../faces/2023/11/20/face_20231120_222959.jpg;11/20/2023;22:29:59
../persons/2023/11/20/person_20231120_222959.jpg;../faces/2023/11/20/face_20231120_222959.jpg;11/20/2023;22:29:59
../persons/2023/11/20/person_20231120_222959.jpg;../faces/2023/11/20/face_20231120_222959.jpg;11/20/2023;22:29:59
../persons/2023/11/20/person_20231120_222959.jpg;../faces/2023/11/20/face_20231120_222959.jpg;11/20/2023;22:29:59
../persons/2023/11/20/person_20231120_222959.jpg;../faces/2023/11/20/face_20231120_222959.jpg;11/20/2023;22:29:59
../persons/2023/11/20/person_20231120_222959.jpg;../faces/2023/11/20/face_20231120_222959.jpg;11/20/2023;22:29:59
../persons/2023/11/20/person_20231120_222959.jpg;../faces/2023/11/20/face_20231120_222959.jpg;11/20/2023;22:29:59
../persons/2023/11/20/person_20231120_222959.jpg;../faces/2023/11/20/face_20231120_222959.jpg;11/20/2023;22:29:59
../persons/2023/11/20/person_20231120_222959.jpg;../faces/2023/11/20/face_20231120_222959.jpg;11/20/2023;22:29:59
../persons/2023/11/20/person_20231120_222959.jpg;../faces/2023/11/20/face_20231120_222959.jpg;11/20/2023;22:29:59
../persons/2023/11/20/person_20231120_222959.jpg;../faces/2023/11/20/face_20231120_222959.jpg;11/20/2023;22:29:59
../persons/2023/11/20/person_20231120_222959.jpg;../faces/2023/11/20/face_20231120_222959.jpg;11/20/2023;22:29:59
../persons/2023/11/20/person_20231120_222959.jpg;../faces/2023/11/20/face_20231120_222959.jpg;11/20/2023;22:29:59
../persons/2023/11/20/person_20231120_222959.jpg;../faces/2023/11/20/face_20231120_222959.jpg;11/20/2023;22:29:59
../persons/2023/11/20/person_20231120_222959.jpg;../faces/2023/11/20/face_20231120_222959.jpg;11/20/2023;22:29:59
../persons/2023/11/20/person_20231120_222959.jpg;../faces/2023/11/20/face_20231120_222959.jpg;11/20/2023;22:29:59
../persons/2023/11/20/person_20231120_222959.jpg;../faces/2023/11/20/face_20231120_222959.jpg;11/20/2023;22:29:59
../persons/2023/11/20/person_20231120_222959.jpg;../faces/2023/11/20/face_20231120_222959.jpg;11/20/2023;22:29:59
../persons/2023/11/20/person_20231120_222959.jpg;../faces/2023/11/20/face_20231120_222959.jpg;11/20/2023;22:29:59
../persons/2023/11/20/person_20231120_223000.jpg;../faces/2023/11/20/face_20231120_223000.jpg;11/20/2023;22:30:00
../persons/2023/11/20/person_20231120_223000.jpg;../faces/2023/11/20/face_20231120_223000.jpg;11/20/2023;22:30:00
../persons/2023/11/20/person_20231120_223000.jpg;../faces/2023/11/20/face_20231120_223000.jpg;11/20/2023;22:30:00
../persons/2023/11/20/person_20231120_223000.jpg;../faces/2023/11/20/face_20231120_223000.jpg;11/20/2023;22:30:00
../persons/2023/11/20/person_20231120_223000.jpg;../faces/2023/11/20/face_20231120_223000.jpg;11/20/2023;22:30:00
../persons/2023/11/20/person_20231120_223000.jpg;../faces/2023/11/20/face_20231120_223000.jpg;11/20/2023;22:30:00
../persons/2023/11/20/person_20231120_223000.jpg;../faces/2023/11/20/face_20231120_223000.jpg;11/20/2023;22:30:00
../persons/2023/11/20/person_20231120_223000.jpg;../faces/2023/11/20/face_20231120_223000.jpg;11/20/2023;22:30:00
../persons/2023/11/20/person_20231120_223000.jpg;../faces/2023/11/20/face_20231120_223000.jpg;11/20/2023;22:30:00
../persons/2023/11/20/person_20231120_223000.jpg;../faces/2023/11/20/face_20231120_223000.jpg;11/20/2023;22:30:00
../persons/2023/11/20/person_20231120_223000.jpg;../faces/2023/11/20/face_20231120_223000.jpg;11/20/2023;22:30:00
../persons/2023/11/20/person_20231120_223000.jpg;../faces/2023/11/20/face_20231120_223000.jpg;11/20/2023;22:30:00
../persons/2023/11/20/person_20231120_223000.jpg;../faces/2023/11/20/face_20231120_223000.jpg;11/20/2023;22:30:00
../persons/2023/11/20/person_20231120_223000.jpg;../faces/2023/11/20/face_20231120_223000.jpg;11/20/2023;22:30:00
../persons/2023/11/20/person_20231120_223000.jpg;../faces/2023/11/20/face_20231120_223000.jpg;11/20/2023;22:30:00
../persons/2023/11/20/person_20231120_223000.jpg;../faces/2023/11/20/face_20231120_223000.jpg;11/20/2023;22:30:00
../persons/2023/11/20/person_20231120_223000.jpg;../faces/2023/11/20/face_20231120_223000.jpg;11/20/2023;22:30:00
../persons/2023/11/20/person_20231120_223000.jpg;../faces/2023/11/20/face_20231120_223000.jpg;11/20/2023;22:30:00
../persons/2023/11/20/person_20231120_223000.jpg;../faces/2023/11/20/face_20231120_223000.jpg;11/20/2023;22:30:00
../persons/2023/11/20/person_20231120_223000.jpg;../faces/2023/11/20/face_20231120_223000.jpg;11/20/2023;22:30:00
../persons/2023/11/20/person_20231120_223000.jpg;../faces/2023/11/20/face_20231120_223000.jpg;11/20/2023;22:30:00
../persons/2023/11/20/person_20231120_223000.jpg;../faces/2023/11/20/face_20231120_223000.jpg;11/20/2023;22:30:00
../persons/2023/11/20/person_20231120_223000.jpg;../faces/2023/11/20/face_20231120_223000.jpg;11/20/2023;22:30:00
../persons/2023/11/20/person_20231120_223001.jpg;../faces/2023/11/20/face_20231120_223001.jpg;11/20/2023;22:30:01
../persons/2023/11/20/person_20231120_223001.jpg;../faces/2023/11/20/face_20231120_223001.jpg;11/20/2023;22:30:01
../persons/2023/11/20/person_20231120_223001.jpg;../faces/2023/11/20/face_20231120_223001.jpg;11/20/2023;22:30:01
../persons/2023/11/20/person_20231120_223001.jpg;../faces/2023/11/20/face_20231120_223001.jpg;11/20/2023;22:30:01
../persons/2023/11/20/person_20231120_223001.jpg;../faces/2023/11/20/face_20231120_223001.jpg;11/20/2023;22:30:01
../persons/2023/11/20/person_20231120_223001.jpg;../faces/2023/11/20/face_20231120_223001.jpg;11/20/2023;22:30:01
../persons/2023/11/20/person_20231120_223001.jpg;../faces/2023/11/20/face_20231120_223001.jpg;11/20/2023;22:30:01
../persons/2023/11/20/person_20231120_223001.jpg;../faces/2023/11/20/face_20231120_223001.jpg;11/20/2023;22:30:01
../persons/2023/11/20/person_20231120_223001.jpg;../faces/2023/11/20/face_20231120_223001.jpg;11/20/2023;22:30:01
../persons/2023/11/20/person_20231120_223001.jpg;../faces/2023/11/20/face_20231120_223001.jpg;11/20/2023;22:30:01
../persons/2023/11/20/person_20231120_223001.jpg;../faces/2023/11/20/face_20231120_223001.jpg;11/20/2023;22:30:01
../persons/2023/11/20/person_20231120_223001.jpg;../faces/2023/11/20/face_20231120_223001.jpg;11/20/2023;22:30:01
../persons/2023/11/20/person_20231120_223001.jpg;../faces/2023/11/20/face_20231120_223001.jpg;11/20/2023;22:30:01
../persons/2023/11/20/person_20231120_223001.jpg;../faces/2023/11/20/face_20231120_223001.jpg;11/20/2023;22:30:01
../persons/2023/11/20/person_20231120_223001.jpg;../faces/2023/11/20/face_20231120_223001.jpg;11/20/2023;22:30:01
../persons/2023/11/20/person_20231120_223001.jpg;../faces/2023/11/20/face_20231120_223001.jpg;11/20/2023;22:30:01
../persons/2023/11/20/person_20231120_223001.jpg;../faces/2023/11/20/face_20231120_223001.jpg;11/20/2023;22:30:01
../persons/2023/11/20/person_20231120_223001.jpg;../faces/2023/11/20/face_20231120_223001.jpg;11/20/2023;22:30:01
../persons/2023/11/20/person_20231120_223001.jpg;../faces/2023/11/20/face_20231120_223001.jpg;11/20/2023;22:30:01
../persons/2023/11/20/person_20231120_223001.jpg;../faces/2023/11/20/face_20231120_223001.jpg;11/20/2023;22:30:01
../persons/2023/11/20/person_20231120_223001.jpg;../faces/2023/11/20/face_20231120_223001.jpg;11/20/2023;22:30:01
../persons/2023/11/20/person_20231120_223001.jpg;../faces/2023/11/20/face_20231120_223001.jpg;11/20/2023;22:30:01
../persons/2023/11/20/person_20231120_223001.jpg;../faces/2023/11/20/face_20231120_223001.jpg;11/20/2023;22:30:01
../persons/2023/11/20/person_20231120_223002.jpg;../faces/2023/11/20/face_20231120_223002.jpg;11/20/2023;22:30:02
../persons/2023/11/20/person_20231120_223002.jpg;../faces/2023/11/20/face_20231120_223002.jpg;11/20/2023;22:30:02
../persons/2023/11/20/person_20231120_223002.jpg;../faces/2023/11/20/face_20231120_223002.jpg;11/20/2023;22:30:02
../persons/2023/11/20/person_20231120_223002.jpg;../faces/2023/11/20/face_20231120_223002.jpg;11/20/2023;22:30:02
../persons/2023/11/20/person_20231120_223002.jpg;../faces/2023/11/20/face_20231120_223002.jpg;11/20/2023;22:30:02
../persons/2023/11/20/person_20231120_223002.jpg;../faces/2023/11/20/face_20231120_223002.jpg;11/20/2023;22:30:02
../persons/2023/11/20/person_20231120_223002.jpg;../faces/2023/11/20/face_20231120_223002.jpg;11/20/2023;22:30:02
../persons/2023/11/20/person_20231120_223002.jpg;../faces/2023/11/20/face_20231120_223002.jpg;11/20/2023;22:30:02
../persons/2023/11/20/person_20231120_223002.jpg;../faces/2023/11/20/face_20231120_223002.jpg;11/20/2023;22:30:02
../persons/2023/11/20/person_20231120_223002.jpg;../faces/2023/11/20/face_20231120_223002.jpg;11/20/2023;22:30:02
../persons/2023/11/20/person_20231120_223002.jpg;../faces/2023/11/20/face_20231120_223002.jpg;11/20/2023;22:30:02
../persons/2023/11/20/person_20231120_223002.jpg;../faces/2023/11/20/face_20231120_223002.jpg;11/20/2023;22:30:02
../persons/2023/11/20/person_20231120_223002.jpg;../faces/2023/11/20/face_20231120_223002.jpg;11/20/2023;22:30:02
../persons/2023/11/20/person_20231120_223002.jpg;../faces/2023/11/20/face_20231120_223002.jpg;11/20/2023;22:30:02
../persons/2023/11/20/person_20231120_223002.jpg;../faces/2023/11/20/face_20231120_223002.jpg;11/20/2023;22:30:02
../persons/2023/11/20/person_20231120_223002.jpg;../faces/2023/11/20/face_20231120_223002.jpg;11/20/2023;22:30:02
../persons/2023/11/20/person_20231120_223002.jpg;../faces/2023/11/20/face_20231120_223002.jpg;11/20/2023;22:30:02
../persons/2023/11/20/person_20231120_223002.jpg;../faces/2023/11/20/face_20231120_223002.jpg;11/20/2023;22:30:02
../persons/2023/11/20/person_20231120_223002.jpg;../faces/2023/11/20/face_20231120_223002.jpg;11/20/2023;22:30:02
../persons/2023/11/20/person_20231120_223002.jpg;../faces/2023/11/20/face_20231120_223002.jpg;11/20/2023;22:30:02
../persons/2023/11/20/person_20231120_223002.jpg;../faces/2023/11/20/face_20231120_223002.jpg;11/20/2023;22:30:02
../persons/2023/11/20/person_20231120_223002.jpg;../faces/2023/11/20/face_20231120_223002.jpg;11/20/2023;22:30:02
../persons/2023/11/20/person_20231120_223003.jpg;../faces/2023/11/20/face_20231120_223003.jpg;11/20/2023;22:30:03
../persons/2023/11/20/person_20231120_223003.jpg;../faces/2023/11/20/face_20231120_223003.jpg;11/20/2023;22:30:03
../persons/2023/11/20/person_20231120_223003.jpg;../faces/2023/11/20/face_20231120_223003.jpg;11/20/2023;22:30:03
../persons/2023/11/20/person_20231120_223003.jpg;../faces/2023/11/20/face_20231120_223003.jpg;11/20/2023;22:30:03
../persons/2023/11/20/person_20231120_223003.jpg;../faces/2023/11/20/face_20231120_223003.jpg;11/20/2023;22:30:03
../persons/2023/11/20/person_20231120_223003.jpg;../faces/2023/11/20/face_20231120_223003.jpg;11/20/2023;22:30:03
../persons/2023/11/20/person_20231120_223003.jpg;../faces/2023/11/20/face_20231120_223003.jpg;11/20/2023;22:30:03
../persons/2023/11/20/person_20231120_223003.jpg;../faces/2023/11/20/face_20231120_223003.jpg;11/20/2023;22:30:03
../persons/2023/11/20/person_20231120_223003.jpg;../faces/2023/11/20/face_20231120_223003.jpg;11/20/2023;22:30:03
../persons/2023/11/20/person_20231120_223003.jpg;../faces/2023/11/20/face_20231120_223003.jpg;11/20/2023;22:30:03
../persons/2023/11/20/person_20231120_223003.jpg;../faces/2023/11/20/face_20231120_223003.jpg;11/20/2023;22:30:03
../persons/2023/11/20/person_20231120_223003.jpg;../faces/2023/11/20/face_20231120_223003.jpg;11/20/2023;22:30:03
../persons/2023/11/20/person_20231120_223003.jpg;../faces/2023/11/20/face_20231120_223003.jpg;11/20/2023;22:30:03
../persons/2023/11/20/person_20231120_223003.jpg;../faces/2023/11/20/face_20231120_223003.jpg;11/20/2023;22:30:03
../persons/2023/11/20/person_20231120_223003.jpg;../faces/2023/11/20/face_20231120_223003.jpg;11/20/2023;22:30:03
../persons/2023/11/20/person_20231120_223003.jpg;../faces/2023/11/20/face_20231120_223003.jpg;11/20/2023;22:30:03
../persons/2023/11/20/person_20231120_223003.jpg;../faces/2023/11/20/face_20231120_223003.jpg;11/20/2023;22:30:03
../persons/2023/11/20/person_20231120_223003.jpg;../faces/2023/11/20/face_20231120_223003.jpg;11/20/2023;22:30:03
../persons/2023/11/20/person_20231120_223003.jpg;../faces/2023/11/20/face_20231120_223003.jpg;11/20/2023;22:30:03
../persons/2023/11/20/person_20231120_223003.jpg;../faces/2023/11/20/face_20231120_223003.jpg;11/20/2023;22:30:03
../persons/2023/11/20/person_20231120_223003.jpg;../faces/2023/11/20/face_20231120_223003.jpg;11/20/2023;22:30:03
../persons/2023/11/20/person_20231120_223003.jpg;../faces/2023/11/20/face_20231120_223003.jpg;11/20/2023;22:30:03
../persons/2023/11/20/person_20231120_223003.jpg;../faces/2023/11/20/face_20231120_223003.jpg;11/20/2023;22:30:03
../persons/2023/11/20/person_20231120_223004.jpg;../faces/2023/11/20/face_20231120_223004.jpg;11/20/2023;22:30:04
../persons/2023/11/20/person_20231120_223004.jpg;../faces/2023/11/20/face_20231120_223004.jpg;11/20/2023;22:30:04
../persons/2023/11/20/person_20231120_223004.jpg;../faces/2023/11/20/face_20231120_223004.jpg;11/20/2023;22:30:04
../persons/2023/11/20/person_20231120_223004.jpg;../faces/2023/11/20/face_20231120_223004.jpg;11/20/2023;22:30:04
../persons/2023/11/20/person_20231120_223004.jpg;../faces/2023/11/20/face_20231120_223004.jpg;11/20/2023;22:30:04
../persons/2023/11/20/person_20231120_223004.jpg;../faces/2023/11/20/face_20231120_223004.jpg;11/20/2023;22:30:04
../persons/2023/11/20/person_20231120_223004.jpg;../faces/2023/11/20/face_20231120_223004.jpg;11/20/2023;22:30:04
../persons/2023/11/20/person_20231120_223004.jpg;../faces/2023/11/20/face_20231120_223004.jpg;11/20/2023;22:30:04
../persons/2023/11/20/person_20231120_223004.jpg;../faces/2023/11/20/face_20231120_223004.jpg;11/20/2023;22:30:04
../persons/2023/11/20/person_20231120_223004.jpg;../faces/2023/11/20/face_20231120_223004.jpg;11/20/2023;22:30:04
../persons/2023/11/20/person_20231120_223004.jpg;../faces/2023/11/20/face_20231120_223004.jpg;11/20/2023;22:30:04
../persons/2023/11/20/person_20231120_223004.jpg;../faces/2023/11/20/face_20231120_223004.jpg;11/20/2023;22:30:04
../persons/2023/11/20/person_20231120_223004.jpg;../faces/2023/11/20/face_20231120_223004.jpg;11/20/2023;22:30:04
../persons/2023/11/20/person_20231120_223004.jpg;../faces/2023/11/20/face_20231120_223004.jpg;11/20/2023;22:30:04
../persons/2023/11/20/person_20231120_223004.jpg;../faces/2023/11/20/face_20231120_223004.jpg;11/20/2023;22:30:04
../persons/2023/11/20/person_20231120_223004.jpg;../faces/2023/11/20/face_20231120_223004.jpg;11/20/2023;22:30:04
../persons/2023/11/20/person_20231120_223004.jpg;../faces/2023/11/20/face_20231120_223004.jpg;11/20/2023;22:30:04
../persons/2023/11/20/person_20231120_223004.jpg;../faces/2023/11/20/face_20231120_223004.jpg;11/20/2023;22:30:04
../persons/2023/11/20/person_20231120_223004.jpg;../faces/2023/11/20/face_20231120_223004.jpg;11/20/2023;22:30:04
../persons/2023/11/20/person_20231120_223004.jpg;../faces/2023/11/20/face_20231120_223004.jpg;11/20/2023;22:30:04
../persons/2023/11/20/person_20231120_223004.jpg;../faces/2023/11/20/face_20231120_223004.jpg;11/20/2023;22:30:04
../persons/2023/11/20/person_20231120_223004.jpg;../faces/2023/11/20/face_20231120_223004.jpg;11/20/2023;22:30:04
../persons/2023/11/20/person_20231120_223005.jpg;../faces/2023/11/20/face_20231120_223005.jpg;11/20/2023;22:30:05
../persons/2023/11/20/person_20231120_223005.jpg;../faces/2023/11/20/face_20231120_223005.jpg;11/20/2023;22:30:05
../persons/2023/11/20/person_20231120_223005.jpg;../faces/2023/11/20/face_20231120_223005.jpg;11/20/2023;22:30:05
../persons/2023/11/20/person_20231120_223005.jpg;../faces/2023/11/20/face_20231120_223005.jpg;11/20/2023;22:30:05
../persons/2023/11/20/person_20231120_223005.jpg;../faces/2023/11/20/face_20231120_223005.jpg;11/20/2023;22:30:05
../persons/2023/11/20/person_20231120_223005.jpg;../faces/2023/11/20/face_20231120_223005.jpg;11/20/2023;22:30:05
../persons/2023/11/20/person_20231120_223005.jpg;../faces/2023/11/20/face_20231120_223005.jpg;11/20/2023;22:30:05
../persons/2023/11/20/person_20231120_223005.jpg;../faces/2023/11/20/face_20231120_223005.jpg;11/20/2023;22:30:05
../persons/2023/11/20/person_20231120_223005.jpg;../faces/2023/11/20/face_20231120_223005.jpg;11/20/2023;22:30:05
../persons/2023/11/20/person_20231120_223005.jpg;../faces/2023/11/20/face_20231120_223005.jpg;11/20/2023;22:30:05
../persons/2023/11/20/person_20231120_223005.jpg;../faces/2023/11/20/face_20231120_223005.jpg;11/20/2023;22:30:05
../persons/2023/11/20/person_20231120_223005.jpg;../faces/2023/11/20/face_20231120_223005.jpg;11/20/2023;22:30:05
../persons/2023/11/20/person_20231120_223005.jpg;../faces/2023/11/20/face_20231120_223005.jpg;11/20/2023;22:30:05
../persons/2023/11/20/person_20231120_223005.jpg;../faces/2023/11/20/face_20231120_223005.jpg;11/20/2023;22:30:05
../persons/2023/11/20/person_20231120_223005.jpg;../faces/2023/11/20/face_20231120_223005.jpg;11/20/2023;22:30:05
../persons/2023/11/20/person_20231120_223005.jpg;../faces/2023/11/20/face_20231120_223005.jpg;11/20/2023;22:30:05
../persons/2023/11/20/person_20231120_223005.jpg;../faces/2023/11/20/face_20231120_223005.jpg;11/20/2023;22:30:05
../persons/2023/11/20/person_20231120_223005.jpg;../faces/2023/11/20/face_20231120_223005.jpg;11/20/2023;22:30:05
../persons/2023/11/20/person_20231120_223005.jpg;../faces/2023/11/20/face_20231120_223005.jpg;11/20/2023;22:30:05
../persons/2023/11/20/person_20231120_223006.jpg;../faces/2023/11/20/face_20231120_223006.jpg;11/20/2023;22:30:06
../persons/2023/11/20/person_20231120_223006.jpg;../faces/2023/11/20/face_20231120_223006.jpg;11/20/2023;22:30:06
../persons/2023/11/20/person_20231120_223006.jpg;../faces/2023/11/20/face_20231120_223006.jpg;11/20/2023;22:30:06
../persons/2023/11/20/person_20231120_223006.jpg;../faces/2023/11/20/face_20231120_223006.jpg;11/20/2023;22:30:06
../persons/2023/11/20/person_20231120_223006.jpg;../faces/2023/11/20/face_20231120_223006.jpg;11/20/2023;22:30:06
../persons/2023/11/20/person_20231120_223006.jpg;../faces/2023/11/20/face_20231120_223006.jpg;11/20/2023;22:30:06
../persons/2023/11/20/person_20231120_223006.jpg;../faces/2023/11/20/face_20231120_223006.jpg;11/20/2023;22:30:06
../persons/2023/11/20/person_20231120_223006.jpg;../faces/2023/11/20/face_20231120_223006.jpg;11/20/2023;22:30:06
../persons/2023/11/20/person_20231120_223006.jpg;../faces/2023/11/20/face_20231120_223006.jpg;11/20/2023;22:30:06
../persons/2023/11/20/person_20231120_223006.jpg;../faces/2023/11/20/face_20231120_223006.jpg;11/20/2023;22:30:06
../persons/2023/11/20/person_20231120_223006.jpg;../faces/2023/11/20/face_20231120_223006.jpg;11/20/2023;22:30:06
../persons/2023/11/20/person_20231120_223006.jpg;../faces/2023/11/20/face_20231120_223006.jpg;11/20/2023;22:30:06
../persons/2023/11/20/person_20231120_223006.jpg;../faces/2023/11/20/face_20231120_223006.jpg;11/20/2023;22:30:06
../persons/2023/11/20/person_20231120_223006.jpg;../faces/2023/11/20/face_20231120_223006.jpg;11/20/2023;22:30:06
../persons/2023/11/20/person_20231120_223006.jpg;../faces/2023/11/20/face_20231120_223006.jpg;11/20/2023;22:30:06
../persons/2023/11/20/person_20231120_223006.jpg;../faces/2023/11/20/face_20231120_223006.jpg;11/20/2023;22:30:06
../persons/2023/11/20/person_20231120_223006.jpg;../faces/2023/11/20/face_20231120_223006.jpg;11/20/2023;22:30:06
../persons/2023/11/20/person_20231120_223006.jpg;../faces/2023/11/20/face_20231120_223006.jpg;11/20/2023;22:30:06
../persons/2023/11/20/person_20231120_223006.jpg;../faces/2023/11/20/face_20231120_223006.jpg;11/20/2023;22:30:06
../persons/2023/11/20/person_20231120_223006.jpg;../faces/2023/11/20/face_20231120_223006.jpg;11/20/2023;22:30:06
../persons/2023/11/20/person_20231120_223006.jpg;../faces/2023/11/20/face_20231120_223006.jpg;11/20/2023;22:30:06
../persons/2023/11/20/person_20231120_223006.jpg;../faces/2023/11/20/face_20231120_223006.jpg;11/20/2023;22:30:06
../persons/2023/11/20/person_20231120_223007.jpg;../faces/2023/11/20/face_20231120_223007.jpg;11/20/2023;22:30:07
../persons/2023/11/20/person_20231120_223007.jpg;../faces/2023/11/20/face_20231120_223007.jpg;11/20/2023;22:30:07
../persons/2023/11/20/person_20231120_223007.jpg;../faces/2023/11/20/face_20231120_223007.jpg;11/20/2023;22:30:07
../persons/2023/11/20/person_20231120_223007.jpg;../faces/2023/11/20/face_20231120_223007.jpg;11/20/2023;22:30:07
../persons/2023/11/20/person_20231120_223007.jpg;../faces/2023/11/20/face_20231120_223007.jpg;11/20/2023;22:30:07
../persons/2023/11/20/person_20231120_223007.jpg;../faces/2023/11/20/face_20231120_223007.jpg;11/20/2023;22:30:07
../persons/2023/11/20/person_20231120_223007.jpg;../faces/2023/11/20/face_20231120_223007.jpg;11/20/2023;22:30:07
../persons/2023/11/20/person_20231120_223007.jpg;../faces/2023/11/20/face_20231120_223007.jpg;11/20/2023;22:30:07
../persons/2023/11/20/person_20231120_223007.jpg;../faces/2023/11/20/face_20231120_223007.jpg;11/20/2023;22:30:07
../persons/2023/11/20/person_20231120_223007.jpg;../faces/2023/11/20/face_20231120_223007.jpg;11/20/2023;22:30:07
../persons/2023/11/20/person_20231120_223007.jpg;../faces/2023/11/20/face_20231120_223007.jpg;11/20/2023;22:30:07
../persons/2023/11/20/person_20231120_223007.jpg;../faces/2023/11/20/face_20231120_223007.jpg;11/20/2023;22:30:07
../persons/2023/11/20/person_20231120_223007.jpg;../faces/2023/11/20/face_20231120_223007.jpg;11/20/2023;22:30:07
../persons/2023/11/20/person_20231120_223007.jpg;../faces/2023/11/20/face_20231120_223007.jpg;11/20/2023;22:30:07
../persons/2023/11/20/person_20231120_223007.jpg;../faces/2023/11/20/face_20231120_223007.jpg;11/20/2023;22:30:07
../persons/2023/11/20/person_20231120_223007.jpg;../faces/2023/11/20/face_20231120_223007.jpg;11/20/2023;22:30:07
../persons/2023/11/20/person_20231120_223007.jpg;../faces/2023/11/20/face_20231120_223007.jpg;11/20/2023;22:30:07
../persons/2023/11/20/person_20231120_223007.jpg;../faces/2023/11/20/face_20231120_223007.jpg;11/20/2023;22:30:07
../persons/2023/11/20/person_20231120_223007.jpg;../faces/2023/11/20/face_20231120_223007.jpg;11/20/2023;22:30:07
../persons/2023/11/20/person_20231120_223007.jpg;../faces/2023/11/20/face_20231120_223007.jpg;11/20/2023;22:30:07
../persons/2023/11/20/person_20231120_223007.jpg;../faces/2023/11/20/face_20231120_223007.jpg;11/20/2023;22:30:07
../persons/2023/11/20/person_20231120_223007.jpg;../faces/2023/11/20/face_20231120_223007.jpg;11/20/2023;22:30:07
../persons/2023/11/20/person_20231120_223008.jpg;../faces/2023/11/20/face_20231120_223008.jpg;11/20/2023;22:30:08
../persons/2023/11/20/person_20231120_223008.jpg;../faces/2023/11/20/face_20231120_223008.jpg;11/20/2023;22:30:08
../persons/2023/11/20/person_20231120_223008.jpg;../faces/2023/11/20/face_20231120_223008.jpg;11/20/2023;22:30:08
../persons/2023/11/20/person_20231120_223008.jpg;../faces/2023/11/20/face_20231120_223008.jpg;11/20/2023;22:30:08
../persons/2023/11/20/person_20231120_223008.jpg;../faces/2023/11/20/face_20231120_223008.jpg;11/20/2023;22:30:08
../persons/2023/11/20/person_20231120_223008.jpg;../faces/2023/11/20/face_20231120_223008.jpg;11/20/2023;22:30:08
../persons/2023/11/20/person_20231120_223008.jpg;../faces/2023/11/20/face_20231120_223008.jpg;11/20/2023;22:30:08
../persons/2023/11/20/person_20231120_223008.jpg;../faces/2023/11/20/face_20231120_223008.jpg;11/20/2023;22:30:08
../persons/2023/11/20/person_20231120_223008.jpg;../faces/2023/11/20/face_20231120_223008.jpg;11/20/2023;22:30:08
../persons/2023/11/20/person_20231120_223008.jpg;../faces/2023/11/20/face_20231120_223008.jpg;11/20/2023;22:30:08
../persons/2023/11/20/person_20231120_223008.jpg;../faces/2023/11/20/face_20231120_223008.jpg;11/20/2023;22:30:08
../persons/2023/11/20/person_20231120_223008.jpg;../faces/2023/11/20/face_20231120_223008.jpg;11/20/2023;22:30:08
../persons/2023/11/20/person_20231120_223008.jpg;../faces/2023/11/20/face_20231120_223008.jpg;11/20/2023;22:30:08
../persons/2023/11/20/person_20231120_223008.jpg;../faces/2023/11/20/face_20231120_223008.jpg;11/20/2023;22:30:08
../persons/2023/11/20/person_20231120_223008.jpg;../faces/2023/11/20/face_20231120_223008.jpg;11/20/2023;22:30:08
../persons/2023/11/20/person_20231120_223008.jpg;../faces/2023/11/20/face_20231120_223008.jpg;11/20/2023;22:30:08
../persons/2023/11/20/person_20231120_223008.jpg;../faces/2023/11/20/face_20231120_223008.jpg;11/20/2023;22:30:08
../persons/2023/11/20/person_20231120_223008.jpg;../faces/2023/11/20/face_20231120_223008.jpg;11/20/2023;22:30:08
../persons/2023/11/20/person_20231120_223008.jpg;../faces/2023/11/20/face_20231120_223008.jpg;11/20/2023;22:30:08
../persons/2023/11/20/person_20231120_223009.jpg;../faces/2023/11/20/face_20231120_223009.jpg;11/20/2023;22:30:09
../persons/2023/11/20/person_20231120_223009.jpg;../faces/2023/11/20/face_20231120_223009.jpg;11/20/2023;22:30:09
../persons/2023/11/20/person_20231120_223009.jpg;../faces/2023/11/20/face_20231120_223009.jpg;11/20/2023;22:30:09
../persons/2023/11/20/person_20231120_223009.jpg;../faces/2023/11/20/face_20231120_223009.jpg;11/20/2023;22:30:09
../persons/2023/11/20/person_20231120_223009.jpg;../faces/2023/11/20/face_20231120_223009.jpg;11/20/2023;22:30:09
../persons/2023/11/20/person_20231120_223009.jpg;../faces/2023/11/20/face_20231120_223009.jpg;11/20/2023;22:30:09
../persons/2023/11/20/person_20231120_223009.jpg;../faces/2023/11/20/face_20231120_223009.jpg;11/20/2023;22:30:09
../persons/2023/11/20/person_20231120_223009.jpg;../faces/2023/11/20/face_20231120_223009.jpg;11/20/2023;22:30:09
../persons/2023/11/20/person_20231120_223009.jpg;../faces/2023/11/20/face_20231120_223009.jpg;11/20/2023;22:30:09
../persons/2023/11/20/person_20231120_223009.jpg;../faces/2023/11/20/face_20231120_223009.jpg;11/20/2023;22:30:09
../persons/2023/11/20/person_20231120_223009.jpg;../faces/2023/11/20/face_20231120_223009.jpg;11/20/2023;22:30:09
../persons/2023/11/20/person_20231120_223009.jpg;../faces/2023/11/20/face_20231120_223009.jpg;11/20/2023;22:30:09
../persons/2023/11/20/person_20231120_223009.jpg;../faces/2023/11/20/face_20231120_223009.jpg;11/20/2023;22:30:09
../persons/2023/11/20/person_20231120_223009.jpg;../faces/2023/11/20/face_20231120_223009.jpg;11/20/2023;22:30:09
../persons/2023/11/20/person_20231120_223009.jpg;../faces/2023/11/20/face_20231120_223009.jpg;11/20/2023;22:30:09
../persons/2023/11/20/person_20231120_223009.jpg;../faces/2023/11/20/face_20231120_223009.jpg;11/20/2023;22:30:09
../persons/2023/11/20/person_20231120_223009.jpg;../faces/2023/11/20/face_20231120_223009.jpg;11/20/2023;22:30:09
../persons/2023/11/20/person_20231120_223009.jpg;../faces/2023/11/20/face_20231120_223009.jpg;11/20/2023;22:30:09
../persons/2023/11/20/person_20231120_223009.jpg;../faces/2023/11/20/face_20231120_223009.jpg;11/20/2023;22:30:09
../persons/2023/11/20/person_20231120_223010.jpg;../faces/2023/11/20/face_20231120_223010.jpg;11/20/2023;22:30:10
../persons/2023/11/20/person_20231120_223010.jpg;../faces/2023/11/20/face_20231120_223010.jpg;11/20/2023;22:30:10
../persons/2023/11/20/person_20231120_223010.jpg;../faces/2023/11/20/face_20231120_223010.jpg;11/20/2023;22:30:10
../persons/2023/11/20/person_20231120_223010.jpg;../faces/2023/11/20/face_20231120_223010.jpg;11/20/2023;22:30:10
../persons/2023/11/20/person_20231120_223010.jpg;../faces/2023/11/20/face_20231120_223010.jpg;11/20/2023;22:30:10
../persons/2023/11/20/person_20231120_223010.jpg;../faces/2023/11/20/face_20231120_223010.jpg;11/20/2023;22:30:10
../persons/2023/11/20/person_20231120_223010.jpg;../faces/2023/11/20/face_20231120_223010.jpg;11/20/2023;22:30:10
../persons/2023/11/20/person_20231120_223010.jpg;../faces/2023/11/20/face_20231120_223010.jpg;11/20/2023;22:30:10
../persons/2023/11/20/person_20231120_223010.jpg;../faces/2023/11/20/face_20231120_223010.jpg;11/20/2023;22:30:10
../persons/2023/11/20/person_20231120_223010.jpg;../faces/2023/11/20/face_20231120_223010.jpg;11/20/2023;22:30:10
../persons/2023/11/20/person_20231120_223010.jpg;../faces/2023/11/20/face_20231120_223010.jpg;11/20/2023;22:30:10
../persons/2023/11/20/person_20231120_223010.jpg;../faces/2023/11/20/face_20231120_223010.jpg;11/20/2023;22:30:10
../persons/2023/11/20/person_20231120_223010.jpg;../faces/2023/11/20/face_20231120_223010.jpg;11/20/2023;22:30:10
../persons/2023/11/20/person_20231120_223010.jpg;../faces/2023/11/20/face_20231120_223010.jpg;11/20/2023;22:30:10
../persons/2023/11/20/person_20231120_223010.jpg;../faces/2023/11/20/face_20231120_223010.jpg;11/20/2023;22:30:10
../persons/2023/11/20/person_20231120_223010.jpg;../faces/2023/11/20/face_20231120_223010.jpg;11/20/2023;22:30:10
../persons/2023/11/20/person_20231120_223010.jpg;../faces/2023/11/20/face_20231120_223010.jpg;11/20/2023;22:30:10
../persons/2023/11/20/person_20231120_223010.jpg;../faces/2023/11/20/face_20231120_223010.jpg;11/20/2023;22:30:10
../persons/2023/11/20/person_20231120_223011.jpg;../faces/2023/11/20/face_20231120_223011.jpg;11/20/2023;22:30:11
../persons/2023/11/20/person_20231120_223011.jpg;../faces/2023/11/20/face_20231120_223011.jpg;11/20/2023;22:30:11
../persons/2023/11/20/person_20231120_223011.jpg;../faces/2023/11/20/face_20231120_223011.jpg;11/20/2023;22:30:11
../persons/2023/11/20/person_20231120_223011.jpg;../faces/2023/11/20/face_20231120_223011.jpg;11/20/2023;22:30:11
../persons/2023/11/20/person_20231120_223011.jpg;../faces/2023/11/20/face_20231120_223011.jpg;11/20/2023;22:30:11
../persons/2023/11/20/person_20231120_223011.jpg;../faces/2023/11/20/face_20231120_223011.jpg;11/20/2023;22:30:11
../persons/2023/11/20/person_20231120_223011.jpg;../faces/2023/11/20/face_20231120_223011.jpg;11/20/2023;22:30:11
../persons/2023/11/20/person_20231120_223011.jpg;../faces/2023/11/20/face_20231120_223011.jpg;11/20/2023;22:30:11
../persons/2023/11/20/person_20231120_223011.jpg;../faces/2023/11/20/face_20231120_223011.jpg;11/20/2023;22:30:11
../persons/2023/11/20/person_20231120_223011.jpg;../faces/2023/11/20/face_20231120_223011.jpg;11/20/2023;22:30:11
../persons/2023/11/20/person_20231120_223011.jpg;../faces/2023/11/20/face_20231120_223011.jpg;11/20/2023;22:30:11
../persons/2023/11/20/person_20231120_223011.jpg;../faces/2023/11/20/face_20231120_223011.jpg;11/20/2023;22:30:11
../persons/2023/11/20/person_20231120_223011.jpg;../faces/2023/11/20/face_20231120_223011.jpg;11/20/2023;22:30:11
../persons/2023/11/20/person_20231120_223011.jpg;../faces/2023/11/20/face_20231120_223011.jpg;11/20/2023;22:30:11
../persons/2023/11/20/person_20231120_223011.jpg;../faces/2023/11/20/face_20231120_223011.jpg;11/20/2023;22:30:11
../persons/2023/11/20/person_20231120_223011.jpg;../faces/2023/11/20/face_20231120_223011.jpg;11/20/2023;22:30:11
../persons/2023/11/20/person_20231120_223011.jpg;../faces/2023/11/20/face_20231120_223011.jpg;11/20/2023;22:30:11
../persons/2023/11/20/person_20231120_223011.jpg;../faces/2023/11/20/face_20231120_223011.jpg;11/20/2023;22:30:11
../persons/2023/11/20/person_20231120_223011.jpg;../faces/2023/11/20/face_20231120_223011.jpg;11/20/2023;22:30:11
../persons/2023/11/20/person_20231120_223011.jpg;../faces/2023/11/20/face_20231120_223011.jpg;11/20/2023;22:30:11
../persons/2023/11/20/person_20231120_223012.jpg;../faces/2023/11/20/face_20231120_223012.jpg;11/20/2023;22:30:12
../persons/2023/11/20/person_20231120_223012.jpg;../faces/2023/11/20/face_20231120_223012.jpg;11/20/2023;22:30:12
../persons/2023/11/20/person_20231120_223012.jpg;../faces/2023/11/20/face_20231120_223012.jpg;11/20/2023;22:30:12
../persons/2023/11/20/person_20231120_223012.jpg;../faces/2023/11/20/face_20231120_223012.jpg;11/20/2023;22:30:12
../persons/2023/11/20/person_20231120_223012.jpg;../faces/2023/11/20/face_20231120_223012.jpg;11/20/2023;22:30:12
../persons/2023/11/20/person_20231120_223012.jpg;../faces/2023/11/20/face_20231120_223012.jpg;11/20/2023;22:30:12
../persons/2023/11/20/person_20231120_223012.jpg;../faces/2023/11/20/face_20231120_223012.jpg;11/20/2023;22:30:12
../persons/2023/11/20/person_20231120_223012.jpg;../faces/2023/11/20/face_20231120_223012.jpg;11/20/2023;22:30:12
../persons/2023/11/20/person_20231120_223012.jpg;../faces/2023/11/20/face_20231120_223012.jpg;11/20/2023;22:30:12
../persons/2023/11/20/person_20231120_223012.jpg;../faces/2023/11/20/face_20231120_223012.jpg;11/20/2023;22:30:12
../persons/2023/11/20/person_20231120_223012.jpg;../faces/2023/11/20/face_20231120_223012.jpg;11/20/2023;22:30:12
../persons/2023/11/20/person_20231120_223012.jpg;../faces/2023/11/20/face_20231120_223012.jpg;11/20/2023;22:30:12
../persons/2023/11/20/person_20231120_223012.jpg;../faces/2023/11/20/face_20231120_223012.jpg;11/20/2023;22:30:12
../persons/2023/11/20/person_20231120_223012.jpg;../faces/2023/11/20/face_20231120_223012.jpg;11/20/2023;22:30:12
../persons/2023/11/20/person_20231120_223012.jpg;../faces/2023/11/20/face_20231120_223012.jpg;11/20/2023;22:30:12
../persons/2023/11/20/person_20231120_223012.jpg;../faces/2023/11/20/face_20231120_223012.jpg;11/20/2023;22:30:12
../persons/2023/11/20/person_20231120_223012.jpg;../faces/2023/11/20/face_20231120_223012.jpg;11/20/2023;22:30:12
../persons/2023/11/20/person_20231120_223012.jpg;../faces/2023/11/20/face_20231120_223012.jpg;11/20/2023;22:30:12
../persons/2023/11/20/person_20231120_223012.jpg;../faces/2023/11/20/face_20231120_223012.jpg;11/20/2023;22:30:12
../persons/2023/11/20/person_20231120_223013.jpg;../faces/2023/11/20/face_20231120_223013.jpg;11/20/2023;22:30:13
../persons/2023/11/20/person_20231120_223013.jpg;../faces/2023/11/20/face_20231120_223013.jpg;11/20/2023;22:30:13
../persons/2023/11/20/person_20231120_223013.jpg;../faces/2023/11/20/face_20231120_223013.jpg;11/20/2023;22:30:13
../persons/2023/11/20/person_20231120_223013.jpg;../faces/2023/11/20/face_20231120_223013.jpg;11/20/2023;22:30:13
../persons/2023/11/20/person_20231120_223013.jpg;../faces/2023/11/20/face_20231120_223013.jpg;11/20/2023;22:30:13
../persons/2023/11/20/person_20231120_223013.jpg;../faces/2023/11/20/face_20231120_223013.jpg;11/20/2023;22:30:13
../persons/2023/11/20/person_20231120_223013.jpg;../faces/2023/11/20/face_20231120_223013.jpg;11/20/2023;22:30:13
../persons/2023/11/20/person_20231120_223013.jpg;../faces/2023/11/20/face_20231120_223013.jpg;11/20/2023;22:30:13
../persons/2023/11/20/person_20231120_223013.jpg;../faces/2023/11/20/face_20231120_223013.jpg;11/20/2023;22:30:13
../persons/2023/11/20/person_20231120_223013.jpg;../faces/2023/11/20/face_20231120_223013.jpg;11/20/2023;22:30:13
